id,name
2975,Laurence Fishburne
6384,Keanu Reeves
530,Carrie-Anne Moss
1107983,Martin Luther King Jr.
52057,Obba Babatundé
110380,Colin Powell
3084,Marlon Brando
3087,Robert Duvall
8349,Martin Sheen
1776,Francis Ford Coppola
37872,Eleanor Coppola
8328,John Milius
5141,Heather Langenkamp
5139,Robert Englund
5140,Wes Craven
64,Gary Oldman
529,Guy Pearce
532,Joe Pantoliano
180659,Rosa Parks
1280183,Coretta Scott King
181934,Al Sharpton
1165240,Jason Alan Carvell
2787630,Valentin Zorin
89289,Jesse Jackson
2102583,Andrew Cohen
73988,Lyndon B. Johnson
2803017,Arthur John Birch
2954,Jeffrey Wright
33663,Donald Trump
937663,Neil Amdur
1931175,Bob Beamon
1700943,Jelani Cobb
938972,Angela Davis
1236595,Henry Louis Gates Jr.
1209864,Yoruba Richen
2685726,Delbert Hunt
2764421,Marquette Folley
8654,Matthew Modine
104053,Michele Greene
2535,Vivica A. Fox
225620,Rudolph Moise
109686,Flex Alexander
1038,Jodie Foster
4173,Anthony Hopkins
349,Scott Glenn
4587,Halle Berry
9780,Angela Bassett
19011,George W. Bush
146687,Tony Blair
1122373,Marion Barry Jr.
1122374,Chuck Brown
1122375,Lewis Franklin
9857,Karl Malden
5248,Lee J. Cobb
1158,Al Pacino
18269,Brendan Fraser
82702,Michael Jackson
65605,Muhammad Ali
47775,Marc Anthony
4483,Dustin Hoffman
13570,Samuel Goldwyn
3417,Tony Goldwyn
3092,Diane Keaton
12132,Michael Rooker
2130,Cary Elwes
106179,Anthony Franciosa
10190,Jill St. John
5250,Jack Klugman
3037,Richard Dreyfuss
4951,Robert Dalva
8487,Gregory Peck
8490,John Megna
6838,Frank Overton
3203,Russell Means
7862,Floyd Red Crow Westerman
11367,Bradley Whitford
31028,Richard Schiff
3266,Joe Mantegna
36059,Joanna Pacula
26466,Caroline Kava
5606,Sissy Spacek
1179102,Kathleen Kennedy
21010,Alexandra Hay
101032,Rod McCary
3248327,Philip Berrigan
1151688,Daniel Berrigan
3264883,Elizabeth McAlister
928944,Coleman Barks
2022250,Robert Bly
9979,Peter Coyote
514,Jack Nicholson
6193,Leonardo DiCaprio
1892,Matt Damon
7796,Illeana Douglas
851784,Mackenzie Foy
2641,Martin Landau
92029,Gabriel Bologna
218506,Gretchen Becker
2098136,Brian Becker
2098137,Richard Becker
1,George Lucas
7879,John Lasseter
2559324,Beth Lane
27888,Raúl Juliá
2303,Wim Wenders
5293,Willem Dafoe
1032,Martin Scorsese
1150,Brian De Palma
134,Jamie Foxx
1006721,Charles Scorsese
14782,Andrew Robinson
190,Clint Eastwood
147,Michael Madsen
2378014,Scott Allie
2046262,Julie Belle
1381997,Kurt Busiek
11784,Tom Atkins
78021,Lloyd Kaufman
16847,Eli Roth
2714,Lance Henriksen
67599,Vanessa Hudgens
1443708,Kimiko Glenn
44038,Nancy Allen
102429,Roger Corman
102334,Bruce D. Clark
44762,Forrest J. Ackerman
100360,John Zacherle
62596,Kane Hodder
64722,John Carl Buechler
11357,Bruce Campbell
16178,Rick Baker
20903,Josh Keaton
22082,Lacey Chabert
19506,James Arnold Taylor
11770,John Carpenter
515,Glenn Close
43774,Daniel Roebuck
99596,Bob Burns
61956,Chuck Williams
113,Christopher Lee
4955,Dario Argento
3027,Stephen King
131120,Henry Strozier
1415341,Kazuhiro Tsuji
1267653,Chet Zar
1003,Jean Reno
524,Natalie Portman
3894,Christian Bale
1810,Heath Ledger
3895,Michael Caine
10980,Daniel Radcliffe
10989,Rupert Grint
10990,Emma Watson
219479,Criss Angel
1101349,Steve Aoki
46300,Alexander Nathan Etel
27889,Stephan Elliott
1331,Hugo Weaving
7187,Richard Donner
57371,Jeff Cohen
3034,Corey Feldman
1408141,Fred Korematsu
54422,Tupac Shakur
2391,Michael Dorn
3635,Elizabeth Taylor
1386798,Joseph McCarthy
100709,Junior Wells
21111,John F. Kennedy
2802990,Jean Paul Getty
2803001,Haroldson Lafayette Hunt
13348,Howard Hughes
117418,Mahalia Jackson
1188876,Horace Clarence Boyer
61399,Mike Ditka
1232728,Jim McMahon
1723195,Mike Singletary
1050881,Jacqueline Kennedy
1152,Oliver Stone
3331792,Vasili Arkhipov
57738,Samuel Labarthe
1141815,Charles de Gaulle
1074129,Fred Rogers
2066306,François Scarborough Clemmons
173729,Yo-Yo Ma
25072,Oscar Isaac
3910,Frances McDormand
1241,John Turturro
72129,Jennifer Lawrence
10943,Francis Lawrence
1072882,Mindy Robinson
1987684,Dywayne Thomas
1145892,Ed Koch
1167702,Bruno Sammartino
1167703,Bob Backlund
557911,Robert Kennedy Jr
16214,Mario Van Peebles
227811,Herschel Walker
1222706,Skip Bayless
1748,William Shatner
2323039,Catherine Mercado-Muñiz
2339577,Carmen Yulín Cruz
10127,Jon Voight
1229169,Roger Ailes
1116399,Winston Churchill
102786,Barack Obama
18802,Ronald Reagan
112219,Michael Hickenbottom
56446,John Cena
1200537,Edward Fatu
1816204,Frederick Oberlander
1816207,Tevfik Arif
151043,Randy Orton
77120,Steve Austin
2569912,Liane Rudolph
2601848,Pyotr Tolstoy
1173567,Vladimir Pozner jr.
21216,Kim Delaney
58792,Jack Scalia
16620,Hulk Hogan
1647876,Hans Henrik Wöhler
3252749,Michael Fanone
3370866,Aquilino Gonell
2214123,Véronique Préault
2412677,Xavier Pasco
2412679,John Logsdon
28151,Benoît Allemane
5469,Ralph Fiennes
2398868,Taghi Amirani
3203938,Farhad Diba
567335,Chris Benoit
115788,Paul Michael Lévesque
937664,Abraham Beame
937665,Bob Bright
2791669,Erika Andiola
2791670,Bob Bland
1262488,Emicida
10055,Fernanda Montenegro
81724,Zeca Pagodinho
16431,Sam Elliott
2203,Neal McDonough
2059,Adam Baldwin
7132,Vincent D'Onofrio
1357571,Mike Chunn
1357572,Nick D'Angelo
21278,Alan Alda
13724,Jane Alexander
64825,Harry Hamlin
175981,Linda Doucett
21246,Corbin Bernsen
94814,Susan Dey
21563,Corin Nemec
1234,Tara Reid
2654014,Mariah Robinson
2673964,Arie Thompson
78740,Jackée Harry
3154315,Alexis Samone
139,Uma Thurman
140,Lucy Liu
58924,Clifton Powell
21355,DMX
1922617,Joy Rovaris
587035,Nadji Jeter
154382,Jazsmin Lewis
31134,Darrin Henson
74613,Terri J. Vaughn
1220781,Shelly Altman
115002,John Aniston
7447,Alec Baldwin
88620,Lauren Collins
19961,Nina Dobrev
180986,Cassie Steele
1395884,Gessica Généus
105762,Jimmy Jean-Louis
1142232,Soledad Elizabeth Jean
380,Robert De Niro
13,Albert Brooks
5049,John Hurt
10774,Anne Bancroft
39187,Olivia Colman
34546,Mark Gatiss
146510,Chris Brochu
9560,Ellen Burstyn
12021,Mia Farrow
18248,Mary-Louise Parker
59219,Kyle Gallner
1137,Juliette Binoche
33181,Jimmy Smits
63611,Nickolas Grace
53574,Eric Thal
2710,James Cameron
1160,Michelle Pfeiffer
1813,Anne Hathaway
37153,Zoë Kravitz
70243,Eartha Kitt
15973,Julie Newmar
6968,Hugh Jackman
5530,James McAvoy
8891,John Travolta
9048,Clark Gregg
7624,Stan Lee
554456,Joan Lee
44796,Franklyn Ajaye
77896,Bill Bellamy
1459,Tina Turner
35705,Regina Hall
143242,Terrence Jenkins
56323,Tina Fey
78577,Graham Norton
3223,Robert Downey Jr.
16828,Chris Evans
103,Mark Ruffalo
1189929,Condoleezza Rice
7904,Billy Crystal
2801284,Anthony Amsterdam
1066763,Darrell Royal
8261,Willie Nelson
50707,Ed Marinaro
1670479,Abbas Abdi
1625013,Mahmoud Ahmadinejad
84384,Osama bin Laden
1322032,John Ashcroft
1322033,Bob Brenly
2203808,Sérgio Vieira de Mello
1220273,David Cameron
1442410,Trevor Phillips
1442411,Nigel Farage
1306064,Princess Diana of Wales
174981,Prince Charles
37759,Kathy Burke
20056,Keith Allen
2330903,Amir Amor
32377,Enrico Maria Salerno
9762,Jean Sorel
1936,Martin Balsam
5247,John Fiedler
30233,Rosalind Russell
19550,Melvyn Douglas
80237,Binnie Barnes
1159,Steven Bauer
21200,Will Arnett
15762,Tara Strong
89042,Susanne Blakeslee
31162,Daran Norris
1227278,Siedah Garrett
2636676,David Williams
134710,Pat Dade
134711,Amy Smallman
2687948,Isaiah Sanders
108881,Brad Buxer
926,Ola Ray
1905,Vincent Price
4610,John Landis
10750,Sheryl Crow
1234966,Greg Phillinganes
2426206,Danny Wu
2284427,Charles Thomson
5657,Anjelica Huston
11510,Macaulay Culkin
18793,Kieran Culkin
1227700,Tatiana Thumbtzen
110001,Phil Collins
138986,Tony Bennett
85564,Andrea Bocelli
3149,Marilyn Monroe
122750,Leslie Uggams
109897,Ethel Merman
6352,Jane Fonda
13301,Quincy Jones
1201284,Jacques Peretti
140567,Donny Osmond
20156,Sammy Davis Jr.
4347,Frank Sinatra
4299,Dean Martin
37934,André 3000
15310,Anthony Kiedis
45042,Adam Ant
553721,Nick Ashford
1789239,Renaldo Benson
27011,Vanessa Williams
8851,Whitney Houston
543105,Ella Fitzgerald
990578,Rocky Marciano
1056814,Chris Dundee
107375,Joe Frazier
2712640,Mark Holden
65606,George Foreman
87919,Mark Calaway
87496,Daddy Yankee
2550161,Bad Bunny
124744,Celia Cruz
1749029,Pedro Knight
94759,Gloria Estefan
5723,John Leguizamo
63522,Sofía Vergara
11695,Lucas Foster
893,Tony Scott
73931,Bette Midler
142439,Emmett Kelly
863,Orson Bean
9789,Robert Altman
6449,Warren Beatty
707,Dan Aykroyd
11850,Candice Bergen
9274,James Brolin
19803,Leonardo Sbaraglia
1084298,Alfredo Casero
35,Sally Field
21399,Ron Silver
2888,Will Smith
1607523,Saniyya Sidney
53923,Aunjanue Ellis
67773,Steve Martin
519,Martin Short
32749,Alex Diakun
6804,Graham Greene
69302,Litefoot
65529,Irene Bedard
113674,Victoria Alonso
1121,Benicio del Toro
543530,Dave Bautista
4027,Frank Darabont
1223867,Robert Kirkman
46348,Denise M. Huth
225863,Zach Callison
16896,James Garner
3026,Rob Reiner
2127,James Wan
2128,Leigh Whannell
4959,Claudia Cardinale
78934,Betsy Blair
80253,Anjanette Comer
326,Kim Basinger
1747292,Robert Board
142858,Melissa Gilbert
117164,Joe Penny
39015,Eileen Brennan
50967,Doug McClure
940155,Alfred Drake
86104,Patricia Morison
231773,Julie Wilson
18972,Danny Masterson
155890,Julie Garfield
2210813,Ellen Adler
2879828,Joseph Bernard
70899,Amara Zaragoza
42626,Trent Ford
5375,Geoffrey Arend
52646,Vincent Kartheiser
287,Brad Pitt
192,Morgan Freeman
12052,Gwyneth Paltrow
26009,Gail O'Grady
1067583,Suzanne Happ
33,Gary Sinise
5149,Bonnie Hunt
10427,Anne Archer
2144,Tobin Bell
141,David Carradine
2505,James Cromwell
54693,Emma Stone
19492,Viola Davis
6944,Octavia Spencer
76184,Bryan Marshall
39770,Adam Roarke
34721,Larry Bishop
83908,Daniel Massey
8499,William Windom
8857,Debbie Reynolds
15395,Maurice Ronet
56890,Malcolm McDowell
46393,Roseanne Barr
1353815,Dr. Diane Ravitch
20212,Dermot Mulroney
21818,Lesley Ann Warren
12967,Swoosie Kurtz
13567,Ann-Margret
25834,Leslie Hope
118764,Paulo Pires
1189209,Woody Guthrie
2993220,Rick Sharp
3199207,Jerry Dealey
1204293,J. Allen Hynek
27116,Kevin Conway
20959,Louis Gossett Jr.
57829,Anthony LaPaglia
1066777,Mumia Abu-Jamal
65013,Rubin 'Hurricane' Carter
4808,Giancarlo Esposito
67315,Tenzin Gyatso
2734157,Xiaoming Zhu
2045089,Jeanmarie Simpson
4687,Patricia Arquette
7071,Louise Fletcher
518,Danny DeVito
10409,Shelley Duvall
10410,Danny Lloyd
34947,Kevin Conroy
1262612,Neal Adams
1487,Bob Dylan
7487,David Bowie
1428,Mick Jagger
2282,Ben Kingsley
24045,Joseph Gordon-Levitt
3899,Ken Watanabe
21007,Jonah Hill
234352,Margot Robbie
15831,Frank Welker
27319,Christoph Waltz
9261,Frank Abagnale Jr.
449538,Adele
13309,Oprah Winfrey
1678375,Robert Simon
3202303,Basil Hendry
3202306,Dianne Dwyer Modestini
2157,Robin Williams
880,Ben Affleck
19498,Jon Bernthal
31,Tom Hanks
3197,Tom Sizemore
12833,Edward Burns
10297,Matthew McConaughey
83002,Jessica Chastain
11665,Michael Angarano
2171,Griffin Dunne
15864,Clarence Williams III
176557,Mark Kassen
19453,Tom Bower
1141310,Joe Dietl
81316,Reid Scott
10767,Barbara Hershey
1366083,Grace Kaufman
11477,Ray Liotta
4517,Joe Pesci
204,Kate Winslet
20508,Iain Glen
1205143,John Gazarian
1205144,Darlene Landau
2222,Beau Bridges
160663,Ted Shackelford
9805,Sally Kellerman
24589,Paul Mercurio
24590,Dominique Sanda
57905,Lindsay Wagner
18589,Lee Majors
105270,Tom Schanley
2638,Cary Grant
2639,Eva Marie Saint
2091,James Mason
71538,Dave Filoni
553222,Bill Moyers
1021364,Joseph Campbell
2231,Samuel L. Jackson
12898,Tim Allen
2297235,Antony Horder
491,John Williams
3,Harrison Ford
738,Sean Connery
132305,Nobuhiko Obayashi
5026,Akira Kurosawa
4,Carrie Fisher
3799,Billy Dee Williams
130,Kenny Baker
10930,Irvin Kershner
2140901,Gary Kurtz
33185,Jeremy Bulloch
7090,Kelsey Grammer
94037,Bruno Bozzetto
35219,Corey Burton
2106,Walt Disney
146136,Bernice Hansen
628,Isao Takahata
608,Hayao Miyazaki
1186197,Steve Alpert
110675,Jerry Beck
7167,Don Rickles
227,William Hurt
1296936,Sebastião Salgado
1310844,Juliano Ribeiro Salgado
1414419,Lotte Eisner
6818,Werner Herzog
10249,Volker Schlöndorff
1061561,Mark Cousins
1018937,Jean-Michel Frodon
86034,Julianne Nicholson
32887,Christopher Heyerdahl
1291350,Tony Revolori
3490,Adrien Brody
39104,Abel Ferrara
1480608,Stuart Alson
18514,Asia Argento
1136406,Tom Holland
505710,Zendaya
71580,Benedict Cumberbatch
32592,Ron Vawter
1434355,Kate Valk
189747,Anna Köhler
285917,Ari Fliakos
1731598,Beatrice Roth
118415,Sean Baker
20715,Alexis Zabe
73968,Henry Cavill
90633,Gal Gadot
1130441,Robert Sklar
108650,Alain Silver
1130439,Drew Casper
1665042,Thierry Frémaux
1867,Auguste Lumière
72861,Robbie Robertson
941022,Buffy Sainte-Marie
237532,John Trudell
1052109,Harry Styles
1052107,Niall Horan
1146050,Zayn Malik
83198,Allan Arkush
101377,Paul Bartel
14701,Carroll Baker
14702,Cathy Moriarty
11008,Rebecca Romijn
1259,Ennio Morricone
19665,John Boorman
135651,Michael B. Jordan
60073,Brie Larson
325,Eminem
979952,Clive Davis
9309,Richard Pryor
57551,Mario Cantone
5726,Cedric the Entertainer
104779,Nas
224859,Ralph McDaniels
540281,Wendy Williams
3265,Eli Wallach
4078,Lee Van Cleef
14276,Gian Maria Volonté
74308,Christopher Carley
74309,Bee Vang
448,Hilary Swank
3892,Johnny Mercer
3095559,Bill Charlap
4385,Sergio Leone
34259,Jean-Yves Berteloot
5064,Meryl Streep
19429,Bruce Lee
18897,Jackie Chan
15111,Jean-Claude Van Damme
4430,Sharon Stone
1932312,Maureen McCarthy
1037,Harvey Keitel
3129,Tim Roth
23920,Chad McQueen
6844,Dom DeLuise
68559,Gary Daniels
188707,Christopher Stapleton
59554,Jesse Bernstein
1591097,Bryan Clark
17397,Callie Khouri
17398,Mimi Polk Gitlin
1572034,Robert Scott Wilson
2555,David Proval
7218,Kristanna Loken
1954,Billy Zane
6856,Kurt Russell
10431,Jennifer Jason Leigh
1226789,Crystal Bernard
65344,Esai Morales
2047,Danny Glover
73040,Doug Bradley
27993,Jeffrey Combs
1198123,Rachel Grubb
106207,Ari Lehman
52860,Judah Friedlander
1515269,John P. Brennan
2029964,Paymon Seyedi
42545,Ron Jeremy
15832,Gilbert Gottfried
1404664,Cody Baggenstos
1404667,Justin Shand
70602,Jörg Buttgereit
1036843,James Balsamo
1288492,Glenn Berggoetz
93190,Zack Beseda
106166,Count Smokula
1229317,Bruno Tonioli
1133295,Jeremy Ambler
1536126,Teresa Ambler
1536127,Katt Balsan
1376433,Susie Duecker
1376434,Patricia Quinn
1102159,Shawn C. Phillips
19487,Jay Hernandez
19119,Mélanie Laurent
52365,Cerina Vincent
21429,Sam Page
20493,Sydney Tamiia Poitier
33656,Heather Matarazzo
39520,Garret Dillahunt
11462,Ellen Sandweiss
11465,Theresa Tilly
52602,Rob Morrow
2517,Donna Murphy
59183,Sarah-Jane Redmond
111207,Barra Grant
14392,Kathryn Bigelow
2053,Bill Paxton
3085,James Caan
60848,James Aaron Oliver
1229762,Jonathan Mangum
31365,John Kassir
23967,Mary Ellen Trainor
78494,Beau Billingslea
571562,Steve Blum
75039,Crispin Freeman
587506,Shameik Moore
543505,Jake Johnson
130640,Hailee Steinfeld
2115,Kurtwood Smith
19707,Charles Band
31302,Ted Newsom
100659,Ivan Cardoso
31211,Clive Barker
12515,José Ferrer
13578,Dana Andrews
9925,Martine Beswick
2922,Boris Karloff
30814,Sara Karloff
10828,Guillermo del Toro
650,Karen Allen
104021,Ricou Browning
109255,Leonard Maltin
7505,Roddy McDowall
26660,Richard Kiley
3035391,Bob Kokai
3035392,Ronald V. Borst
79084,Jeff Rector
16028,William Marshall
41955,Griffin Drew
98226,Rodney Gray
35579,Debbie Rochon
100359,Nathan Sears
16938,Renny Harlin
97915,Marilyn Eastman
27804,Gunnar Hansen
97914,Karl Hardman
27747,Chuck Connors
80579,Robert Z'Dar
55841,Ron O'Neal
7073,Michael Berryman
99906,John Bloom
1351030,Jeff Kim
2545,Lawrence Bender
8212,Peter Gallagher
222130,Eloise Mumford
1924482,Nick Wolfhard
1658964,Charles Demers
30807,Rudy Behlmer
30808,Ivan Butler
164807,Paul Davis
14464,Jenny Agutter
11173,Nick Dudman
1319490,Kevin Haney
34982,Jeff Bennett
963818,Troy Baker
86314,Mindy Cohn
43458,Brennan Elliott
104646,Barbara Niven
63681,Julie Warner
210344,Jen Lilley
1547914,Elan Garfias
60279,Fred Tatasciore
1082094,Dave B. Mitchell
12077,Jim Cummings
12900,Wallace Shawn
19507,Mikey Kelley
16418,Casey Kasem
15761,Grey DeLisle
1178795,Ben Diskin
27811,Peter Weller
42160,Ariel Winter
56930,David Selby
11813,David Foster
15406,Bill Lancaster
14999,George A. Romero
2932562,Tyler Lyle
2838131,Tim McEwan
511,Larry J. Franco
4600,Joe Dante
1432094,Cody Carpenter
2772005,Jeff Gelb
44810,Cassandra Peterson
4785,Jeff Goldblum
6929,Tippi Hedren
229715,Jean-Michel Jarre
1250815,Little Boots
65827,Keith David
11065,Wilford Brimley
32396,Richard Belzer
36190,Edie Falco
44712,Jill Eikenberry
2056726,Kevin Dobson
66776,Liza Minnelli
40389,Bernadette Peters
5699,Patti LuPone
2628845,James Black
38026,Chris Noth
51641,Loryn Locklin
45445,Megan Gallagher
923,Dean Stockwell
156485,Leah Lail
1213549,Chris Hunter
17005,Doug Jones
109870,Tom Woodruff Jr.
235722,Haruo Nakajima
1660251,Ethan Levy
510,Tim Burton
1116483,Deirdre Flynn
12688,Peter MacNicol
69344,Dana Hill
131814,Michael Brandon
19794,Eddie Constantine
72717,Dawn Addams
38037,Marius Goring
222054,Selma Brook
1483204,Ryan Mercier
1483206,Tina Gray
936,Oliver Reed
5,Peter Cushing
1241229,Bob Wilkins
2532964,Morris Bright
2532965,Philip Campbell
109,Elijah Wood
1327,Ian McKellen
882,Liv Tyler
3070363,Christina Hazard
3070364,Karl Kite-Rangi
1313,Andrew Lesnie
88164,Luigi Cozzi
2183911,Annette Chaton
100507,Christine Forrest
105685,Giovanna Mezzogiorno
32055,Piero Tosi
107094,Dave Barry
38832,Thomas Gottschalk
12074,John Lithgow
11155,Thomas Jane
1330888,Andy Bean
2501669,Marsha DeFilippo
24501,Pierre Richard
39646,Mireille Darc
225009,Pablo Larraín
2179581,Tarek Aylouch
1805442,Michael Markiewicz
11669,Jimmy Fallon
43120,Andy Dick
53926,Jon Heder
131286,Mark David
60634,Marty Belafsky
7133,Max Casella
68848,Lisa Zane
1842287,Clayton Williamson
75747,Annie Byron
2978609,Jean-Michael Dagory
3112274,James Freedman
834,Otto Preminger
16523,Burgess Meredith
6952,Charlie Sheen
114454,BJ Davis
1923,Robbie Coltrane
475512,Ellie Kemper
1689289,Justine Lupe
87525,Alan Carr
7056,Emma Thompson
1744249,Kygo
1101342,Sven Väth
1101343,Carl Cox
1016349,Norman Cook
3358480,Alan Walker
3358481,Margrethe Alida
89056,David Guetta
1101364,Josh Wink
108661,Chester Bennington
214830,Mike Shinoda
1070445,Brad Delson
3061,Ewan McGregor
15852,Ashley Judd
93110,Pia Miranda
1371,David Wenham
207922,Natasha Novak
37625,Andrew Garfield
65731,Sam Worthington
4937,Vince Vaughn
142402,Maria Olsen
69395,Bug Hall
32907,Nick Swardson
146253,Flavor Flav
19767,Snoop Dogg
9778,Ice Cube
2387,Patrick Stewart
2388,Jonathan Frakes
64948,Cathy Cavadini
9208,Robert Wagner
41220,James Coco
15413,Richard Dysart
2672,Jack Carson
9066,Judy Garland
34347,Hugh Herbert
102363,Peggy Moran
928828,Brian May
84530,Roger Taylor
84532,John Deacon
12147,Spencer Tracy
6598,Katharine Hepburn
80567,Freddie Bartholomew
1802110,Werner Von Braun
7571,Blair Brown
84378,Nick Fraser
1420,Robert Drew
2102600,Jill Drew
106843,Buzz Aldrin
87485,Neil Armstrong
2020883,Alex Gorosh
82315,Jean Harlow
11492,Clark Gable
70261,Nat King Cole
7173,Cab Calloway
60900,Taylor Kitsch
1603921,Eddie Canales
146964,Kenneth Anger
1171032,Adolfo Arrieta
1190206,Donatas Banionis
1211732,Boris Malagurski
71531,Deepak Chopra
1383964,Thích Nhất Hạnh
1867979,Sister Chân Không
5281,Spike Lee
6495,Mira Nair
34627,Nadia Farès
56241,Rachida Brakni
120385,Bruno Putzulu
1204877,André Malraux
71997,Serge Moati
586391,François Mitterrand
1172174,Philippe Saada
3254716,Pierre Pflimlin
3246294,Julien Chuzeville
72254,Éric Caravaca
2445767,Bertrand Chamerois
1425961,Jean-Marie Fonbonne
2232,Michael Keaton
26456,Lori Singer
592803,Seiji Ozawa
1248657,Rudolf Serkin
1246000,Suzanne Vega
1490,Joan Baez
13611,Jack White
6807,Sam Rockwell
1105079,Lucas Hedges
1395183,Chloé Zhao
189111,Suzanne Collins
87295,Richard Grieco
44240,Roddy Piper
2372599,Jared Boyce
2372600,Jesse Ryan
2372601,Christopher Padilla
1924782,Ryan Ralph Gerrard
1987671,Jade-Marie Joseph
1987673,Lily Mae McGregor
1216782,Pedro Morales
1207043,Billy Graham
1207045,Oreal Perras
89023,Randy Poffo
1155272,Rick Blood Sr.
90027,Jeffrey Nero Hardy
61903,Glenn Jacobs
238367,Trish Stratus
543544,Amy Dumas
89888,Adam Copeland
1155262,Larry Pfohl
568583,Jim Duggan
1039215,Brian Adams
1463963,Pierre Clermont
18918,Dwayne Johnson
198192,Davey Boy Smith
906496,Rodney Anoaʻi
1108045,Harry Fujiwara
1064416,Robert Remus
1194949,Bill Eadie
1240598,Wendi Richter
87255,Cyndi Lauper
569182,James Mark Cornette
963671,Richard Wiese
1108949,Don Francis
6861,Andre Braugher
17764,Charles S. Dutton
97772,Mel Tormé
15417,Donald Moffat
1222952,Jonathan Llyr
1749,Leonard Nimoy
13784,Burt Lancaster
12149,Richard Widmark
16180,Robert Picardo
62064,Chris Pine
59258,Lewis Black
58769,Stephen Colbert
53862,Kaley Cuoco
16478,Johnny Galecki
160172,Chuck Lorre
1947,Stanley Adams
62578,Mark A. Altman
993162,Richard Arnold
6213,Jamie Kennedy
139745,Vail Bloom
111946,Britney Spears
1215879,Brian Friedman
6575,Gil Bellows
1540602,Alexa Nisenson
12698,Bob Clark
2109,Kim Cattrall
77003,Gavin O'Connor
199449,Greg O'Connor
819,Edward Norton
33684,Bono
181452,Kix Brooks
84678,Johnny Cash
40305,Stéphane Freiss
10279,Adolf Hitler
71450,Robert Lindsay
1660861,Quentin Blake
21605,Dirk Bogarde
1950802,Emilie Schindler
37332,David McCullough
120578,Franklin D. Roosevelt
146720,Hervé Pierre
2259337,Ivan Maisky
2259338,Maxim Litvinov
1023520,Margaret Thatcher
566295,Salvador Allende
128550,Desmond Tutu
2503684,Abdullah bin Abdulaziz Al Saud
107379,LeBron James
1023483,Phoebe Waller-Bridge
1068409,Frank Marshall Davis
1068410,Ann Dunham
1068411,Stanley Dunham
149923,Lester Brown
1063969,Yvo de Boer
1063970,Paul R. Ehrlich
1101345,Avicii
2169865,Birgitta Assheuer
2920376,Îlham Ahmed
2920377,Zaher al-Saket
1173480,François Hollande
2040142,Walter Mondale
20365,Margaret Lindsay
2792563,Hal Herring
2792792,Terry Tempest Williams
82388,Bob Hope
3391,Kathleen Turner
31234,G. Larry Butler
13577,Myrna Loy
112217,Bret Hart
928383,Verne Gagne
160733,Nick Bockwinkel
1196862,Guadalupe Robledo
135352,Kevin Nash
1195465,Sid Eudy
1195537,Tony Norris
214618,Leon White
77763,Mick Foley
218022,Scott Hall
543535,Eddie Guerrero
80757,Mike Tyson
222912,Cody Runnels
1216846,Frederick Jannetty
569166,Ric Flair
74749,Brock Lesnar
90031,Kurt Angle
160039,Eric Bischoff
218176,Sabu
1206981,Gerald Brisco
57342,Vince McMahon
238346,Anthony Carelli
1082302,Dylan Postl
543521,Jim Ross
79027,Aurelian Smith Jr.
1108052,Sylvester Ritter
1198946,William Jason Reso
102937,Gene Okerlund
1170013,John Layfield
238321,Jerry Lawler
565430,Phillip Jack Brooks
1155271,Brian Pillman
170802,Bob Barker
1138149,Serena Deeb
568592,Jim Neidhart
568589,Jim Hellwig
568587,Rick Rood
1275417,Rami Sebei
1093514,Claudio Castagnoli
885876,Jack Brisco
1196994,Kerry Adkisson
568585,Ted DiBiase Sr.
1195489,Brian James
1195491,Sean Waltman
1195475,Nelson Frazier Jr.
969097,Nikki Bella
1326321,Saraya-Jade Bevis
1155264,Virgil Runnels
711143,Curt Hennig
158038,Jimmy Hart
151042,Paul Wight
238330,Bryan Lloyd Danielson
1194847,William Moody
928362,Shelton Benjamin
1196755,Ray Fernandez
112218,Owen Hart
217275,Paul Orndorff
1170011,Leati Joseph Anoa'i
25504,André Roussimoff
569590,Andrew McLean Galloway IV
543599,Booker Huffman
155096,Randy Anderson
1200822,Windham Rotunda
565426,Stuart Bennett
1081432,Allen Neal Jones
1096280,Matthew Cardona
1445097,Masami Odate
567257,Paul Heyman
1566516,Peter England
1923222,Patrick Clark
1495880,Alexis Kaufman
491896,Brie Bella
1081435,Nuufolau Joel Seanoa
137050,Kofi Sarkodie-Mensah
65236,Bill Goldberg
1419127,Rebecca Quin
1200138,Terry Gerin
1425186,Matthew Adams
1170010,Colby Lopez
1170014,Jonathan Good
1528514,Noelle Foley
237737,Nick Nemeth
1197008,Charles Scaggs
567342,Dean Simon
33016,Terry Funk
1419126,Ashley Elizabeth Fliehr
237740,Mike Mizanin
1419128,Pamela Rose Martinez
1531459,Thea Trinidad
1197228,Fergal Devitt
1275408,Kyle Greenwood
1578310,Gionna Daddio
238335,Natalie Neidhart
2227093,Bianca  Crawford
568555,Óscar Gutiérrez Rubio
1198964,Shane McMahon
86903,Page Falkinburg Jr.
1216310,Debra Marshall
1194951,Dory Funk Jr.
1076796,Scott Rechsteiner
229949,Allen Sarven
219244,Lisa Moretti
565433,Stephanie McMahon
1108859,Steve Borden
16483,Sylvester Stallone
976,Jason Statham
1336,Jet Li
1155263,Barry Windham
928359,Terry Allen
928391,Marty Lunde
102210,Scott Levy
1056699,Tommy Dreamer
569184,Peter Senerchia
567264,Michael Manna
55779,John Schneider
114293,Tom Wopat
586,Sean Young
568586,James Reiher
21397,Dennis Rodman
1076694,Jeffrey Jarrett
197994,Louis Vincent Albano
2712702,Vince McMahon Sr.
15234,David Arquette
129849,Franklin Lashley
1202307,Hassan Hamin Assad
2632,Chris Rock
2767874,Annelie Leschke
1562729,Dorothea Arnold
112241,Christian Heiner Wolf
590963,Marc Cassot
1267145,Arthur Rey
1520971,Sandrine Alexi
233058,Nicolas Canteloup
1242802,Daniel Herzog
3507,Claude Jade
28146,Christine Delaroche
28150,Jean-Claude Drouot
13333,Vanessa Redgrave
3896,Liam Neeson
1200941,Último Dragón
1208114,Keiichi Yamada
543515,Mark LoMonaco
1118778,Devon Hughes
1195521,Solofa Fatu Jr.
105656,Chris Irvine
1275416,Kevin Steen
2294742,Diana Joyce Hart-Smith
1194846,Steve Keirn
575755,John Laurinaitis
10059,Vinícius de Oliveira
10057,Marília Pêra
87339,Marco Ricca
130307,Louise Cardoso
87335,Fernanda Torres
1364398,Milton Santos
54566,José Saramago
2128873,Carol Duarte
1787874,Julia Stockler
931851,Carlos Alberto Riccelli
1175049,Gianfrancesco Guarnieri
939196,Bete Mendes
1495305,Mira Haar
1495306,Carlos Moreno
55009,Lázaro Ramos
8600,Matheus Nachtergaele
87341,Selton Mello
123759,Virginia Cavendish
1348884,Alcione
16839,Matt Long
17604,Jeremy Renner
2878,C. Thomas Howell
13445,Tia Carrere
120612,Randi Ingerman
180691,Janine Theriault
6471,William S. Burroughs
2298926,Reed Bye
8447,Jeff Daniels
64811,Mike Farrell
7402,Markie Post
81690,Don Swayze
226112,Raw Leiba
1869725,Natasha Charles Parker
96851,James Phelps
2683,Glenn Plummer
42206,Matt McCoy
160253,Lee Benton
14990,Morgan Fairchild
44222,Antonio Sabàto Jr.
147400,Lisa Ann Hadley
147404,Charlie Weber
62123,David Moscow
1044567,Sara Fletcher
158223,Rib Hillis
19190,Dennis Haskins
1763481,Calhoun Koenig
3016651,Stella Shoha
13021,William Baldwin
3154311,Lawson Greyson
3154312,Kendall Cato
2165,Rosanna Arquette
1394681,Somaly Mam
1394682,Reena
2415039,Brandon Bowers
2415040,Kimberly Meadows Clark
2331202,Carla Mahaffee
2653258,Kimberly Ann Parker
146008,Sam Sarpong
52116,Wendy Raquel Robinson
19384,Tony Todd
74354,Miguel A. Núñez Jr.
18288,Terrence Howard
59153,Robin Givens
105880,LisaRaye McCoy
57108,Usher
16450,Sean Combs
121917,Azur-De
58962,Drew Sidora
562922,Christian Keyes
93528,LeToya Luckett
55755,Richard T. Jones
264300,Mack 10
4688,Michael Rapaport
124546,John Wesley Shipp
103898,Jeffrey D. Sams
1710661,Liam Hall
1759684,Anna Maiche
1277188,Jacob Tremblay
887,Owen Wilson
1204,Julia Roberts
97181,Tahj Mowry
216140,Deon Cole
546750,Malika Blessing
580240,Maya Gilbert
1573627,Torrei Hart
1437841,AzMarie Livingston
55637,Brian Hooks
1212706,Karen Malina White
1575256,Toni M. Youngblood
92861,Tomiko Fraser
155783,Shari Headley
97779,Daphnée Duplaix Samuel
1789713,Ajiona Alexus
51456,Rhoda Griffis
140503,Thomas Mikal Ford
15903,George Carlin
117817,George Stephanopoulos
24594,Michael Angelis
56322,Amy Poehler
61110,Fred Armisen
10594,Ringo Starr
58198,Chris Farley
1409651,Mackenzie English
50877,Jill Hennessy
3091773,Elizabeth Holder
6240,Mariska Hargitay
21411,Ice-T
56262,Aaron Abrams
1102260,Lara Jean Chorostecki
87778,Salvatore Antonio
20,Elizabeth Perkins
2154,Scott Bakula
130253,Logan Marshall-Green
1371456,Abigail Cowen
82794,Miriam McDonald
133917,Shane Kippel
56117,Martin Kove
131771,Kirby Bliss Blanton
265904,Charlotte Arnold
84627,Jamie Johnston
112326,Paula Brancati
4512,James Woods
4513,Elizabeth McGovern
4690,Christopher Walken
3096,John Cazale
73421,Joaquin Phoenix
1545693,Zazie Beetz
73641,Christiane Amanpour
1202593,Neil Barnard
53397,Christina Aguilera
17787,Phyllida Law
4139,Tom Skerritt
10205,Sigourney Weaver
136532,Matt Smith
20049,David Tennant
578,Ridley Scott
5048,Harry Dean Stanton
35862,Douglas Henshall
65446,Kate O'Flynn
9188,Billy Connolly
47096,Roger Daltrey
47654,Paul McGann
1256731,Emma Campbell-Jones
47513,Peter Davison
137928,Colin Baker
80112,Sylvester McCoy
173765,Kimberlee Peterson
59016,Trever O'Brien
2496,Stanley Ridges
22091,Robert Sterling
14639,Mel Brooks
14670,Joan Rivers
120229,Jafar Panahi
1325731,Abbi Jacobson
62862,Danny McBride
52792,Maya Rudolph
58225,Zach Galifianakis
1774679,Jack Dylan Grazer
66431,Jodie Whittaker
388,Jim Broadbent
139654,Genevieve O'Reilly
11855,Geraldine James
1361519,Robert Lloyd Parry
1361520,Martin Bassindale
7063,Nina Sosanya
47646,Catherine Tate
91606,Tom Hiddleston
135420,Deborah Findlay
28485,Steve Pemberton
12982,Peter Capaldi
11180,David Bradley
34551,Reece Shearsmith
11616,Olivia Williams
8227,Anna Massey
5482,Raymond Coulthard
79931,Caroline John
179598,Louise Jameson
220404,Terry Molloy
7499,Jared Leto
6161,Jennifer Connelly
20767,Samantha Mathis
8338,Jodelle Ferland
40266,Maruschka Detmers
26659,Anthony Andrews
155,Lucas Black
50464,Brian Kerwin
94854,Tom Nowicki
1171621,Billy Van
1218966,Ivor Barry
39012,Peter Bogdanovich
1229,Jeff Bridges
19207,Timothy Bottoms
50463,Malin Åkerman
9278,Jennifer Garner
20387,Clea DuVall
2986150,Thierry Gondard
11701,Angelina Jolie
1658802,Andra Day
1350,Irène Jacob
1352,Jean-Louis Trintignant
1356,Jean-Pierre Lorit
1629606,Pedro Albizu Campos
4810,Rosie Perez
1880694,Mark Beudert
1445417,Lee Perry
167831,Julian Ovenden
1884770,Sophie-Louise Dann
134667,Brian Coburn
118426,Griffith Jones
12725,Celia Johnson
11854,Ian Charleson
8691,Zoe Saldana
869,Gale Anne Hurd
96884,Al Giddings
1100,Arnold Schwarzenegger
2395,Whoopi Goldberg
1735828,Halle Bailey
1210,Héctor Elizondo
2081,George Murdock
12313,Earl Holliman
44999,B.B. King
776,Eddie Murphy
1201,Garry Marshall
1848508,Hazel Armenante
231855,Nicole Barré
3060459,Didier Allouch
3060491,Sharon Waxman
4720,Kanye West
484359,Kid Cudi
1610820,Matt Collins
1610824,Roxanne Gregory
2750,Julie Harris
37469,Betsy Palmer
68929,Laurie Anderson
1096822,Afrika Bambaataa
860,Eve Arden
14732,James Gregory
26847,Adam West
35192,Burt Ward
131,Jake Gyllenhaal
49,Maria Bello
29222,Zac Efron
1812,Michelle Williams
28745,Deborra-Lee Furness
366,James Mangold
231664,Gina Beck
6431,Darren Aronofsky
9546,James Chinlund
22809,Keeley Hawes
2138086,Anita-Joy Uwajeh
71010,Tom Conti
12516,Linda Hunt
8534,Kathy Bates
172069,Chadwick Boseman
1215522,Robin Roberts
1896,Don Cheadle
15423,Paget Brewster
1219029,Paul F. Tompkins
141956,Marc Evan Jackson
5168,Gabriel Byrne
9045,Stephen Baldwin
1979,Kevin Spacey
19303,Kevin Smith
2293,Frank Miller
7626,Avi Arad
1245564,John Cassaday
1341,Donnie Yen
44731,Jonathan Ross
87172,Mark Millar
11449,Alan Moore
83875,Will Eisner
1836915,Art Spiegelman
2379811,Dave Dugan
2379813,Murphy Anderson
74568,Chris Hemsworth
18291,Larenz Tate
1281705,Ferly Prado
1179599,Lisa Fischer
580254,Jack Bruno
1504791,Eros Ramazzotti
8892,Olivia Newton-John
13294,Gene Kelly
1228266,Andy Gibb
47990,Elvis Costello
220875,Francis Rossi
561869,Amandla Stenberg
62649,Russell Hornsby
63,Milla Jovovich
113505,Kodi Smit-McPhee
1819889,Sasha Frolova
1181314,Ginger Gonzaga
1637311,Demetrius Shipp Jr.
1674691,Bruce Beckham
143791,Gus Mattox
1643142,Eric Hauserman Carroll
3402518,James Sarmiento
1172108,Mckenna Grace
30083,Lindsay Duncan
67367,Rian Johnson
224513,Ana de Armas
206,Jim Carrey
205,Kirsten Dunst
975085,Jim Lehrer
1719741,George Shultz
3072577,Elayne Boosler
1724558,Justin Arnold
6105,Richard Lewis
11074,Kathy Najimy
40009,Matt Frewer
1062,Christopher Lloyd
7174,Ray Charles
105629,Frank Beard
10823,Kris Kristofferson
1234957,Delbert McClinton
111270,Waylon Jennings
1231850,Shelby Lynne
15425,Neil Young
14060,Robert Vaughn
22859,Jerry Lee Lewis
1253615,Patsy Cline
70274,Chet Atkins
111714,Al Green
165867,Kid Rock
67274,Dolly Parton
2048,Gary Busey
1242716,Ray Benson
25129,Don Johnson
69921,Paul Shaffer
230253,Marty Stuart
230249,Rosanne Cash
1347896,Jessi Colter
36169,Cheryl Ladd
30488,Miguel Sandoval
517453,Peter Bergen
1232187,Erik Thompson
10222,Roger Moore
1250,Alexander Armstrong
10730,Rowan Atkinson
66161,Harry Enfield
147424,Jayne Ashbourne
8443,Linda Bassett
1125,Ewen Bremner
9012,Jonny Lee Miller
34593,Giorgio Albertazzi
18765,Alexandra Stewart
54167,Line Renaud
19062,Michel Duchaussoy
145327,Anthony Delon
121633,Mandala Tayde
7301,Anthony Perkins
7302,Janet Leigh
7303,Vera Miles
77548,Paul Winchell
44822,Starletta DuPois
1669775,Lou Ferguson
5694,Robert Forster
29543,Michelle Phillips
290,Christopher Plummer
14674,George Cukor
11487,Margaret Mitchell
72063,Carey Wilson
9088,Janet Gaynor
9067,Frank Morgan
148836,Lois Wilson
4730,Emmy Rossum
18473,James Badge Dale
94792,Tammin Sursok
1181353,Ryan Eggold
131273,Melissa Sue Anderson
70569,Doug McKeon
19274,Seth Rogen
368,Reese Witherspoon
1847916,Vincent Alvarez
1416462,Brian Anderson
112261,Joey McIntyre
13446,Eliza Dushku
87192,Mike O'Malley
1392152,Dan Levy
26510,Eugene Levy
94481,Ashleigh Ball
74368,Andrea Libman
60739,Kath Soucie
1240646,Rebecca Shoichet
113916,Scott Menville
113919,Hynden Walch
59784,Carlos Alazraqui
23680,Dee Bradley Baker
221843,Shannon Chan-Kent
29220,Amanda Bynes
15274,Elizabeth Daily
2880,Emilio Estevez
54427,Kimberly Brooks
143346,Keith Ferguson
26457,Matthew Lillard
127725,Devon Werkheiser
1225783,Lindsey Shaw
19540,Peter Cullen
22227,Christopher Meloni
212913,Nathan Kress
12110,Amy Sedaris
15100,Lauren Tom
9807,René Auberjonois
35824,Alice Cooper
29370,Gregory Harrison
9994,Helen Hunt
4072,Lon Chaney Jr.
2094,Peter Lorre
13352,Paul Muni
20124,Gene Tierney
80726,Laird Cregar
40176,Art Carney
16845,Nicole Sullivan
20472,Norah Jones
93841,George Strait
1035389,Jason Aldean
2585,Eric Clapton
107602,Jeff Beck
2104799,Tal Wilkenfeld
174982,Neil Pearson
72208,Alicia Keys
3284,Bruce Springsteen
2027758,Sonny Landreth
100194,Andy Fairweather-Low
2284423,Brandi Jackson
2284424,Taj Jackson
132857,Eric Wareheim
1624486,Christine Ko
13922,Seth Green
188238,Matthew Senreich
239271,Jeremy Strong
1248,Brian Cox
110023,Daryl Stuermer
109804,Ricky Lawson
22645,Chester Thompson
110066,Tony Banks
110067,Mike Rutherford
39624,Peter Gabriel
95486,Stevie Ray Vaughan
1116912,Michael Blakey
237405,Lady Gaga
21986,Reba McEntire
1430,Keith Richards
82270,Bonnie Raitt
583808,José Feliciano
40174,Lucille Ball
76689,Sarah Brightman
1120207,Zucchero
982,Sting
1338524,Myung-Whun Chung
86800,Chloe Bailey
1192274,Jordan Fisher
91351,Sarah Hyland
11370,Elton John
16757,Sophia Loren
3150,Tony Curtis
3151,Jack Lemmon
12266,Simone Signoret
2565,Yves Montand
2240369,Bert Stern
82280,Louis Armstrong
3380,Bette Davis
10606,Anne Baxter
3361,George Sanders
143406,Mary Martin
3392,Michael Douglas
116488,Noam Chomsky
70177,Charlie Rose
10367,John Waters
57778,Quincy Jones III
2192580,Alfred Lion
15193,Herbie Hancock
1549008,The Weeknd
10468,Marvin Hamlisch
10400,Barbra Streisand
1884,Steven Soderbergh
121668,Wayne Shorter
1176324,David Gilmore
167662,Ryan Seacrest
1564846,Auli'i Cravalho
121508,Agnetha Fältskog
45799,Benny Andersson
71075,Björn Ulvaeus
51718,Naura Hayden
19178,Dick Shawn
18298,Tony Danza
8873,Annie Potts
214904,Victor Borge
99662,Mitzi Gaynor
82170,Jeanne Crain
83463,Nancy Sinatra
4070,Grace Kelly
40167,Don Costa
3245527,Bob Anderson
56752,Lorna Luft
16303,Céline Dion
89784,Phyllis Diller
22092,Frankie Avalon
102792,KRS-One
2021205,Future
1911675,Young Thug
73956,John Frusciante
1237,Flea
3212196,Chad Smith
2406668,Robert Williams
2406671,Suzanne Williams
98628,Kim Fields
2,Mark Hamill
1539026,Bobbi Kristina Brown
15899,Jenifer Lewis
59154,Tamala Jones
4996,Tatyana Ali
1847408,Jim Blackman
935594,Theo Bleckmann
240728,Count Basie
2753,Burl Ives
7632,Shelley Winters
100318,James Darren
1245474,Nancy Toffoloni
569165,Rob Van Dam
1616996,Jorge Dieppa
1606415,Héctor "El Father"
96321,Tego Calderón
1182097,Luny Tunes
90634,Don Omar
1959397,Dua Lipa
2358340,Angèle
7175,Aretha Franklin
1271,Andy García
1569458,Emilio Estefan Jr.
1771829,Sandra Cisneros
115089,Carlos Santana
1134299,Juanes
2114503,Kate Baldwin
1828492,Heidi Blickenstaff
2542031,James Clow
141317,Luciano Pavarotti
28134,Gianni Morandi
119407,Thalía
2051927,Luis Fonsi
17193,Adam Mucci
400,Geraldine Chaplin
3125,Madonna
2973752,Erika Belle
18461,Nick Chinlund
1216139,Michael Raynor
57389,Justin Pierce
1418493,Kandis Mak
167424,Carol Hatchett
20627,Charlotte Crossley
106926,Holly Woodlawn
1200426,John Bassberger
47879,John Savage
104895,James Wilder
59846,Joanne Baron
7171,John Belushi
10557,Paul Simon
5621,John Farley
5620,Kevin Farley
20362,Jill Clayburgh
922,Allen Garfield
8656,Dorian Harewood
1981,Alfre Woodard
40393,Dean Jones
127428,Henry O. Arnold
11066,Hal Holbrook
109701,Barbara Hale
68527,William R. Moses
2021915,Cumelén Sanz
2021916,Santiago Saranite
16974,Laia Marull
120557,Angie Cepeda
1797484,Martín Garabal
1240538,Eva De Dominici
24,Robert Zemeckis
28,Wendy Finerman
32,Robin Wright
1242148,Ron White
10182,Ving Rhames
31839,Ruben Santiago-Hudson
3014197,Lily Hevesh
3319518,Marie Borgini
553311,Verena Rendtorff
5953,Spike Jonze
40036,Taraji P. Henson
1005852,Janelle Monáe
80625,George Burns
90802,John Denver
18366,Edward Albee
148609,Samuel Beckett
995427,Jeff Lam
232083,Alexa Torrington
232084,Jacob Ewaniuk
1216659,Steve Young
75343,Florence Henderson
7180,John Candy
157444,Stanley Brock
1146,Julie Delpy
2471878,Ani Kyd Wolf
1432440,Graem Beddoes
52,David Morse
2289,John Barry
7848,Jeffrey Beecroft
56441,Sheila Tousey
1502658,Deena-Marie Consiglio
1076491,Diane Debassige
104044,Everett Burrell
1223881,Charlie Adlard
1217614,Deedee Magno
1393199,Estelle
946462,Grace Rolek
2420220,Noah Kaye Bentley
2420219,Brennley Brown
1245726,Rebecca Sugar
1292298,Ian Jones-Quartey
1213001,Charles Frank
12311,Jack Kelly
41406,Stuart Margolin
101908,Maxwell Caulfield
13565,Steve McQueen
4786,Richard Attenborough
18588,Joan Hackett
2463363,Robert Dunne
62410,Sammo Hung
62047,Gary Trousdale
62048,Kirk Wise
146307,Joe Guzaldo
7166,Kevin Pollak
16376,Larry David
16377,Jerry Seinfeld
4958,Henry Fonda
4765,Jason Robards
5676,Marcello Mastroianni
5682,Anouk Aimée
24658,Suso Cecchi d'Amico
3784,Michel Piccoli
148251,Massimo Ghini
20564,Tony Musante
27442,Renato Salvatori
39274,Lucia Bosé
5821,Eugenio Alabiso
4670,Nino Baragli
12259,Vittorio Gassman
12341,Memmo Carotenuto
120640,Stefano Ambrogi
1073982,Fabrizio Apolloni
15135,Alain Delon
6014,Annie Girardot
73022,Robert Culp
41274,Stephen Macht
116771,Michael Landon
160252,Karen Grassle
3636,Paul Newman
4135,Robert Redford
8606,Robert Shaw
93663,Kellie Martin
27773,Jonathan Brandis
7491,John Cale
50997,Bobby Driscoll
2359096,Dee Dee Driscoll
2713,Linda Hamilton
57286,Noah Fleiss
6905,Bruce Dern
1283,Helena Bonham Carter
4491,Jennifer Aniston
14405,Courteney Cox
14406,Lisa Kudrow
504,Tim Robbins
4029,Bob Gunton
73030,Rosetta LeNoire
204962,Mark Kermode
103939,Claudia McNeil
927783,Daniele Savoca
7395,Bobby Farrelly
7396,Peter Farrelly
81130,Guy Berryman
81131,Jon Buckland
81132,Will Champion
78141,Grant Show
184816,Chelsea Hobbs
6949,John Malkovich
65019,Lane Smith
28010,David Ogden Stiers
1590759,Noah Jupe
10814,Wesley Snipes
1030512,Dayo Okeniyi
54811,Joel Fry
82104,Danai Gurira
1951,Elisabeth Shue
204997,Hanna Hall
91332,Dedee Pfeiffer
78805,Laura Leighton
21369,Gloria Reuben
14386,Beyoncé
84932,Jay-Z
93527,Kelly Rowland
55477,Alan Bennett
113697,Richard O'Callaghan
1474965,Lindsey Gort
17741,Jordan-Claire Green
5729,Kim Novak
1046829,Marcella Laasch
1131203,Bobby Sharpe
13268,Rod Serling
14572,Susan Harrison
1937,Mickey Rooney
10412,Anne Jackson
13295,Donald O'Connor
5823,Julie Andrews
5563,James Coburn
7503,Red Buttons
2264,Patrick Magee
2265,Adrienne Corri
27554,Alan Bates
15735,Helen Mirren
9205,Denise Richards
21596,Shannon Elizabeth
8658,Ed O'Ross
74036,Tom Arnold
1230,John Goodman
17087,Michael Moore
3198,Rodney Dangerfield
53595,Jeff Altman
70759,Philip Michael Thomas
12645,Jeffrey DeMunn
155173,James McCaffrey
5589,John Glover
2879,Rob Lowe
5938,Geraint Wyn Davies
13022,Tom Berenger
65409,Fay Masterson
233585,Esmeralda Moya
21542,Silvia Tortosa
44549,Pete Seeger
1174227,Billy Bragg
105937,Wilco
74329,Jeff Tweedy
2288250,Lucrezia Conklin
2110741,Jesse Marcel
68750,Robert Townsend
36811,Nick Cannon
2178,Forest Whitaker
1302082,David F. Sandberg
1379123,Talitha Bateman
57835,Andrew Bovell
3274157,Sara Dylan
1214261,Dominik Hašek
1877583,Jaromír Jágr
151436,Julia Barnett
564046,Ted Bardy
164116,Sarah Bloom
1091984,Tomonori Abe
1137413,Ben Abeles
107943,Klára Issová
2978411,H.H. XIV Dalai Lama
1205,Richard Gere
1547461,Loten Namling
1797610,Anna Wilding
1797611,Vanta Kaur
4250,Michael Lerner
57755,Woody Harrelson
95101,Charlie Day
77870,Glenn Howerton
568652,Daniel 'Cloud' Campos
14837,Carol Burnett
1293280,John Lefkowitz
2685926,Linda De Coff
105040,Maureen Byrnes
76546,Ricky Schroder
13637,Joan Collins
15900,Paul Dooley
7668,Hume Cronyn
15152,James Earl Jones
42157,Ed Begley Jr.
934844,Rob Liefeld
1184302,Winston Watson
60642,Tom Petty
22868,Roy Orbison
1718049,Nigel Williamson
1417614,Leadbelly
28767,June Carter Cash
1559401,Jim Dickinson
18626,Andy Warhol
2392906,Irving Blum
1182652,Mike Garson
1182651,Reeves Gabrels
1289529,Earl Slick
1220629,Jeremy Vine
13604,Iggy Pop
1205155,Carlos Alomar
24937,Bing Crosby
41236,Ron Moody
10215,Paul McCartney
116341,Bill Clinton
112940,Mick Ronson
1027457,Elisa Lasowski
84527,Freddie Mercury
57446,Mark Romanek
215486,Fiona Apple
1161962,Brian Bell
71252,David Gilmour
108126,Richard Wright
107210,Jon Carin
1429,Charlie Watts
13312,Rae Dawn Chong
2778,Dennis Hopper
53396,Ron Wood
212208,Taylor Swift
1025375,Wiz Khalifa
46392,Lou Reed
1229795,Kenny Hotz
19995,Marianne Faithfull
2914305,John Dunbar
22860,Chuck Berry
7172,James Brown
1172565,Lesley Gore
213255,Vera Fischer
1750020,Katia Bronstein
24393,Marie-Christine Barrault
234757,Wadeck Stanczak
2201,Max von Sydow
3409095,Irena Schek
3409100,Mojesz Pantirer
120608,Sonia Manzano
1596910,Nitya Vidyasagar
55784,Yosuke Eguchi
13280,Yui Natsukawa
196825,Stephanie D'Abruzzo
89819,Zachary Gordon
1254526,Brianna Gentilella
96340,Heather North
34735,Loni Anderson
19545,Jack Angel
30695,Mary Kay Bergman
29859,Richard Briers
1754138,Ken Barrie
96339,Nicole Jaffe
61983,Jason Marsden
200,Nancy Cartwright
19546,Michael Bell
3905,William H. Macy
88622,B. J. Ward
132354,Kate Micucci
19508,Nolan North
16422,Don Messick
81847,Dan Gilvezan
98169,Aron Kincaid
1692742,Greg Whalen
106102,Henry Corden
15827,Scott Weinger
15829,Linda Larkin
198,Dan Castellaneta
1381843,Quinn Beswick
75331,Ashley Edner
2003611,Rachel Davey
1221180,Indira Stefanianna
7077,Scatman Crothers
109969,Daws Butler
179896,Jeff Bergman
78076,Wayne Allwine
42335,Kathleen Wilhoite
43125,Rob Paulsen
201598,Elizabeth Lyn Fraser
4756,Matthew Broderick
16940,Jeremy Irons
69597,Drew Barrymore
12659,Billy Barty
78798,Tom Kenny
67778,Jonathan Lipnicki
112158,Chris Makepeace
9894,Bernhard Wicki
36490,Monika Baumgartner
32822,Dominic Raacke
44644,Robert Dornhelm
929825,Ava DuVernay
20019,Lee Daniels
964843,Michelle Obama
569,Ethan Hawke
2692,Robert Sean Leonard
116100,Richard Williams
1140098,Omar Ali-Shah
12826,Charles Fleischer
52775,Kristin Chenoweth
1216096,Phillip Schofield
8930,John Cleese
20503,Scott Mosier
564,Richard Linklater
14538,Don Phillips
7779,Sean Daniel
127712,Matt Ryan
3035,Jerry O'Connell
527313,Taissa Farmiga
572541,Caleb Landry Jones
1457107,Oscar Avila
4784,Laura Dern
100183,Jeff Lynne
13745,Ravi Shankar
37822,Peter Dobson
2076,David Warner
1963475,Matt Fuentes
1066609,Terrell Ransom Jr.
1885331,Kelly Owens
1245,Scarlett Johansson
1218174,Joseph R. Gannascoli
3124,Valeria Golino
980245,Ronnie Vannucci Jr.
133075,Brandon Flowers
3201,Pruitt Taylor Vince
59373,Mélanie Thierry
58293,Alex McArthur
5605,Richard Farnsworth
1736,James Remar
11149,Dominique Swain
60650,Michael Paré
830,Joe Cortese
157015,Michael McGrady
52267,William Petersen
6587,Diane Ladd
11859,John Mills
9221,Donald Pleasence
21368,Peter Strauss
21806,Richard Rush
11390,Peter O'Toole
1472749,Mary Hollis Inboden
1818410,Logan Pepper
1248383,Benjamin Stockham
80863,Masahiro Motoki
129050,Rachel Hurd-Wood
5372,Ron Leibman
10558,Janet Margolin
4038,Susan Sarandon
152699,James Noble
44826,Hunt Block
534,Mark Boone Junior
12312,Richard Anderson
74289,Amanda Righetti
2327155,Laur Allen
1053265,Katie Stuart
2029660,Emily Lipoma
123524,James Drury
103681,Gertrude Michael
4113,Claude Rains
1556652,Leslie Ruth Howard
1950476,Norman Spencer
162668,Matthew Sweet
91711,Desi Arnaz
14501,Peter Ustinov
10978,Maggie Smith
10168,Diana Rigg
437100,Taylor Gray
33260,Freddie Prinze Jr.
81663,Vanessa Marshall
240800,Bill T. Jones
1717250,Lawrence Goldhuber
55638,Kevin Hart
65717,Jon Hamm
1221217,Anne-Sophie Mutter
2603308,Sarah Willis
3026067,Thomas Angyan
65464,Chico Buarque
488,Steven Spielberg
1828524,Katy Emde
1185286,Chesley Sullenberger
58208,Don Brochu
12989,Andrew Davis
825,Stacy Keach
1166,Harris Yulin
15197,Sarah Miles
6,Anthony Daniels
2352,Jean-Jacques Annaud
2353,Umberto Eco
3155,Pat O’Brien
1309383,Nico Rienzi
2525109,Haginoya Kozo
133944,Koji Yamamoto
147897,Yuki Saito
1204758,Takuro Atsuki
1554192,Takahito Hosoyamada
235147,Yoshihiko Hosoda
19049,Masayuki Yui
26860,John Sessions
45481,Vanity
56551,Ashley Laurence
5825,David Tomlinson
47468,Frances de la Tour
189434,Bonnie Langford
1164,F. Murray Abraham
3999,Tom Hulce
4000,Elizabeth Berridge
92876,Paul Conway
11076,David Hyde Pierce
52951,Jane Leeves
51990,T. J. Miller
865,Michael Bay
77019,Stephen Worth
190315,John Kricfalusi
5727,Diedrich Bader
1215086,Craig Raisner
34478,Tony Anselmo
1935,Buddy Ebsen
50571,Fess Parker
67630,Roy Edward Disney
17485,Oliver Platt
545528,Heitor Villa-Lobos
67228,Kathryn Beaumont
19968,Royal Dano
101879,Edgar Bergen
5462,Pinto Colvig
78077,Clarence Nash
1373687,Dawn Ades
1373688,Montse Aguer
150111,Marc Davis
150118,Eyvind Earle
34759,Sterling Holloway
15098,June Foray
83131,Kevin Corcoran
35322,Alan Hale Jr.
1616668,Dennis Olivieri
12824,Don Hahn
1653447,Andrew Gaskill
2139376,Cora Hunter Parks
547985,Kazuo Oga
142449,Frédéric Back
2637813,Sachiko Kagami
2660599,Jean-Pierre Lafille
1414,Goro Miyazaki
1417,Toshio Suzuki
636,Joe Hisaishi
78338,Naoya Fujimaki
3168614,Takaaki Fujioka
1393037,Bill Cotter
49735,Aidan Gillen
95136,David Henrie
224,David Cronenberg
110,Viggo Mortensen
37478,Wolfram Berger
2188082,Michael Kuglitsch
2188083,Simon Gietl
1200390,Jan Dieter Schneider
1200391,Antonia Bill
1200392,Maximilian Scheidt
1117823,Laurent Grousset
1117824,Rémy Grumbach
3063,Tilda Swinton
96861,Stanley Kwan
18023,Robert Carlyle
8998,Irvine Welsh
33488,Helen Slater
37041,Andrew McCarthy
